AF3,F7,F3,FC5,T7,P7,O1,O2,P8,T8,FC6,F4,F8,AF4
22,-15,-12,-54,19,41,-320,31,6,-430,-125,-126,-872,-31
-56,-128,-146,-82,-171,-43,-309,-93,-119,-437,-179,-160,-814,-125
-54,-132,-150,-83,-166,-31,-304,-96,-127,-439,-178,-159,-823,-129
-54,-133,-137,-82,-163,-43,-301,-92,-141,-435,-179,-158,-825,-131
-57,-129,-121,-82,-172,-45,-310,-88,-145,-431,-181,-158,-818,-129
-55,-135,-123,-84,-179,-51,-305,-97,-147,-434,-193,-158,-821,-132
-49,-138,-126,-86,-159,-60,-290,-88,-151,-438,-203,-157,-824,-129
-54,-131,-116,-86,-127,-58,-305,-70,-144,-437,-193,-160,-820,-118
-59,-133,-115,-84,-128,-59,-320,-82,-141,-438,-186,-157,-814,-118
-54,-137,-122,-82,-144,-64,-307,-101,-150,-443,-183,-154,-813,-125
-54,-135,-120,-82,-139,-61,-301,-97,-146,-442,-156,-174,-816,-122
-58,-130,-120,-82,-132,-53,-309,-92,-129,-439,-139,-186,-817,-118
-51,-126,-132,-82,-139,-53,-307,-97,-120,-438,-151,-162,-815,-116
-48,-128,-143,-82,-136,-58,-302,-100,-124,-438,-144,-156,-815,-112
-56,-129,-146,-82,-124,-58,-307,-103,-123,-435,-123,-176,-821,-108
-51,-94,-77,-78,-49,33,-302,-63,5,-437,-77,-159,-816,-69
-67,-94,-81,-80,-44,27,-311,-65,4,-435,-120,-159,-819,-66
-60,-97,-74,-84,-52,27,-306,-64,2,-438,-136,-158,-821,-70
-45,-92,-59,-85,-47,34,-291,-61,3,-438,-119,-158,-817,-73
-50,-98,-59,-82,-42,27,-296,-66,2,-434,-97,-158,-813,-74
-56,-108,-64,-82,-63,5,-309,-69,-2,-435,-113,-158,-815,-76
-54,-103,-60,-83,-79,0,-310,-63,-5,-441,-136,-159,-818,-79
-53,-111,-60,-82,-73,7,-303,-66,-16,-441,-131,-160,-815,-86
-49,-132,-64,-83,-73,0,-307,-76,-27,-440,-118,-155,-814,-90
-52,-124,-60,-82,-74,5,-304,-71,-20,-441,-128,-160,-818,-86
-58,-101,-56,-82,-56,26,-289,-66,-7,-440,-138,-173,-819,-75
-57,-99,-58,-83,-40,31,-289,-68,-5,-437,-130,-166,-816,-65
-55,-103,-60,-81,-41,26,-306,-56,-3,-439,-118,-152,-816,-62
-53,-100,-60,-78,-42,31,-313,-38,1,-440,-117,-157,-817,-60
-51,-90,-56,-79,-39,35,-305,-37,4,-438,-118,-162,-817,-60
-53,-80,-53,-81,-40,31,-306,-42,5,-435,-116,-155,-816,-60
-52,-92,-54,-81,-45,29,-309,-50,-1,-435,-115,-154,-816,-61
-52,-105,-57,-79,-38,21,-306,-47,-2,-438,-106,-157,-818,-65
-60,-102,-56,-80,-40,8,-305,-39,-2,-438,-94,-158,-819,-66
-60,-103,-56,-82,-64,0,-305,-50,-19,-434,-105,-158,-815,-69
-49,-107,-59,-83,-66,3,-292,-57,-23,-432,-117,-158,-814,-75
-50,-101,-56,-82,-46,8,-291,-46,-10,-431,-108,-158,-814,-71
-55,-104,-54,-83,-57,2,-308,-52,-17,-431,-104,-158,-814,-66
-52,-110,-56,-83,-78,-8,-311,-68,-35,-438,-104,-158,-814,-68
-51,-105,-55,-82,-61,1,-304,-61,-27,-443,-87,-158,-814,-69
-53,-101,-55,-83,-43,22,-308,-58,-12,-438,-60,-158,-814,-65
-54,-97,-56,-82,-49,30,-304,-62,-10,-435,-22,-158,-814,-63
-56,-96,-58,-81,-48,27,-290,-49,-7,-438,32,-158,-814,-62
-54,-96,-51,-81,-41,29,-293,-38,-7,-436,70,-158,-814,-55
-51,-90,-40,-79,-40,32,-298,-39,-9,-435,53,-158,-814,-52
-50,-81,-40,-78,-43,34,-292,-40,-12,-441,9,-158,-814,-56
-50,-77,-44,-79,-43,36,-298,-35,-14,-442,-16,-158,-814,-62
-51,-71,-44,-81,-40,46,-306,-35,-9,-440,-12,-158,-814,-61
-55,-76,-49,-81,-39,58,-301,-37,-2,-442,5,-158,-814,-57
-55,-96,-54,-81,-43,53,-298,-43,-8,-442,31,-158,-814,-56
-48,-43,-32,-75,-6,97,-303,-28,15,-437,-37,-157,-816,-38
-53,-40,-34,-72,-8,107,-300,-30,23,-434,-32,-159,-817,-35
-52,-39,-26,-72,-10,101,-306,-35,23,-438,-11,-158,-816,-34
-46,-44,-29,-80,-15,92,-307,-36,19,-440,-12,-158,-816,-38
-49,-45,-46,-85,-32,94,-296,-35,20,-433,-22,-159,-817,-42
-51,-44,-57,-80,-46,94,-288,-35,19,-431,-39,-158,-816,-49
-48,-47,-55,-78,-43,94,-293,-35,9,-433,-49,-158,-816,-56
-50,-60,-54,-80,-43,83,-298,-38,3,-432,-10,-158,-816,-50
-53,-71,-56,-75,-46,64,-292,-39,11,-431,61,-157,-816,-41
-52,-62,-56,-70,-42,73,-290,-38,27,-432,104,-155,-816,-41
-51,-49,-59,-73,-39,88,-301,-37,32,-435,85,-155,-816,-39
-48,-49,-59,-72,-34,74,-309,-40,24,-438,32,-155,-816,-34
-46,-51,-40,-66,-22,74,-293,-39,24,-436,25,-155,-816,-33
-47,-49,-27,-69,-16,93,-286,-35,30,-435,53,-155,-816,-34
-50,-42,-32,-80,-14,85,-301,-31,26,-436,45,-155,-816,-33
-49,-45,-34,-84,-12,75,-298,-30,23,-435,18,-155,-816,-35
-49,-60,-29,-81,-14,84,-289,-32,23,-436,7,-155,-816,-36
-51,-56,-28,-80,-15,85,-306,-33,17,-438,13,-155,-816,-34
-51,-36,-28,-80,-13,81,-314,-31,19,-440,32,-155,-816,-32
-55,-70,-53,-80,-31,28,-295,-30,-65,-437,-210,-155,-815,-41
-51,-67,-56,-73,-16,29,-298,-32,-60,-439,-221,-155,-812,-44
-44,-67,-59,-68,-28,29,-294,-30,-59,-440,-215,-155,-812,-37
-51,-69,-51,-71,-43,26,-294,-29,-63,-440,-217,-155,-804,-42
-56,-64,-47,-81,-43,24,-308,-33,-61,-438,-236,-155,-799,-54
-50,-63,-51,-82,-36,22,-310,-39,-54,-438,-231,-155,-803,-49
-46,-64,-55,-79,-21,27,-292,-40,-39,-439,-194,-155,-810,-33
-51,-64,-54,-81,-10,39,-287,-36,-21,-437,-169,-155,-812,-31
-55,-59,-55,-80,-15,41,-293,-35,-16,-436,-178,-155,-814,-34
-54,-46,-63,-82,-16,47,-291,-36,-11,-436,-178,-155,-815,-32
-47,-39,-67,-82,-11,61,-290,-35,4,-436,-144,-155,-814,-29
-46,-40,-63,-75,-12,68,-292,-32,10,-435,-117,-155,-815,-25
-53,-35,-55,-68,-10,66,-290,-28,5,-435,-130,-155,-813,-24
-55,-33,-63,-70,-8,68,-290,-28,4,-438,-159,-155,-813,-26
-48,-38,-82,-73,-13,65,-290,-31,5,-437,-172,-155,-813,-33
-45,-45,-87,-68,-18,52,-289,-32,-5,-430,-178,-155,-813,-37
-50,-59,-78,-66,-20,37,-293,-33,-18,-429,-182,-155,-813,-37
-41,-41,-19,-65,45,59,-291,-6,-3,-437,-82,-155,-813,-2
-42,-41,-18,-64,43,55,-291,-21,-1,-435,-77,-155,-813,-4
-41,-43,-19,-65,28,44,-291,-34,-15,-433,-88,-155,-813,-9
-41,-45,-20,-75,18,32,-291,-34,-33,-433,-111,-155,-813,-8
-45,-41,-20,-78,18,34,-291,-31,-26,-433,-126,-155,-813,-7
-44,-40,-21,-71,22,51,-291,-36,-14,-433,-115,-155,-814,-4
-41,-42,-23,-72,24,63,-291,-37,-13,-433,-95,-155,-813,-1
-42,-40,-24,-72,23,60,-291,-22,-10,-430,-98,-155,-812,-3
-43,-32,-21,-64,17,61,-291,-9,-3,-432,-114,-155,-817,-6
-45,-36,-22,-64,13,66,-291,-12,-4,-439,-118,-155,-810,-8
-49,-40,-26,-67,17,61,-291,-14,3,-440,-119,-155,-789,-8
-44,-24,-25,-61,21,67,-291,-4,18,-434,-119,-155,-782,-6
-35,-9,-18,-60,24,84,-291,-2,22,-435,-109,-155,-793,-4
-41,-8,-16,-62,26,80,-291,-6,23,-439,-97,-155,-785,-2
-47,-13,-25,-61,33,63,-291,-13,30,-437,-96,-155,-779,4
-39,-17,-27,-61,41,58,-291,-25,29,-436,-101,-155,-803,7
-39,-18,-31,-68,39,60,-291,-34,26,-438,-99,-155,-809,7
-48,-12,-39,-70,41,62,-291,-34,36,-434,-88,-155,-794,14
-47,-7,-35,-65,45,77,-291,-32,46,-432,-79,-155,-802,23
-39,-9,-18,-56,25,84,-291,-3,17,-436,-95,-154,-816,17
-45,-5,-19,-59,25,84,-291,-3,24,-437,-102,-154,-816,18
-44,-8,-22,-58,-3,64,-291,0,16,-435,-113,-154,-816,2
-40,-30,-23,-62,-21,46,-291,-5,-12,-440,-129,-154,-816,-10
-43,-40,-21,-65,2,42,-291,-11,-21,-442,-136,-154,-816,3
-45,-36,-24,-57,24,47,-291,-6,-7,-435,-130,-154,-816,6
-37,-36,-23,-54,15,48,-291,2,-10,-433,-132,-154,-816,-3
-37,-35,-20,-57,-5,45,-291,0,-21,-437,-144,-154,-816,-7
-44,-37,-25,-56,-13,39,-291,-4,-22,-435,-151,-154,-816,-6
-44,-37,-23,-54,-3,39,-291,-4,-24,-432,-154,-154,-816,-1
-40,-21,-8,-56,15,50,-291,0,-23,-435,-162,-154,-816,0
-41,-12,0,-57,20,60,-291,4,-14,-437,-155,-154,-816,4
-37,-42,8,-70,20,32,-291,1,29,-437,-140,-154,-814,3
-33,-32,6,-69,20,54,-291,-3,36,-436,-126,-154,-814,9
-35,-11,8,-72,21,79,-291,11,53,-436,-101,-154,-814,24
-36,-5,11,-69,36,89,-291,23,62,-435,-91,-154,-814,28
-28,-11,11,-53,51,92,-291,10,64,-437,-106,-154,-814,24
-24,-8,10,-50,46,92,-291,9,61,-437,-121,-154,-814,26
-23,-2,12,-62,43,94,-291,23,63,-436,-121,-154,-814,27
-21,-6,14,-66,46,95,-291,19,65,-434,-110,-154,-814,32
-26,-10,12,-62,34,90,-291,7,55,-435,-101,-154,-814,34
-32,-13,10,-64,19,87,-291,5,44,-435,-93,-154,-814,24
-29,-8,8,-65,22,94,-291,2,48,-433,-86,-154,-815,20
-25,-7,10,-64,28,94,-291,3,54,-435,-89,-154,-814,24
-31,-29,7,-63,20,73,-291,0,40,-437,-104,-154,-813,10
-37,-54,-46,-55,-18,29,-291,-2,13,-436,-98,-154,-816,-35
-39,-58,-51,-61,-18,29,-291,-6,12,-438,-116,-154,-817,-33
-38,-41,-55,-64,-13,33,-291,-7,26,-438,-115,-154,-817,-33
-40,-38,-55,-65,-15,33,-291,-8,25,-436,-99,-154,-816,-32
-41,-50,-56,-63,-21,31,-291,-6,14,-434,-112,-154,-818,-34
-38,-45,-53,-64,-17,37,-291,-3,17,-435,-136,-154,-821,-33
-41,-41,-48,-65,-9,45,-291,1,26,-436,-135,-154,-816,-29
-41,-56,-52,-60,-7,39,-291,1,17,-434,-135,-154,-813,-32
-32,-70,-56,-53,-23,27,-291,-5,0,-432,-150,-154,-817,-40
-31,-70,-52,-51,-41,26,-291,-9,-4,-432,-155,-154,-821,-41
-40,-55,-48,-56,-31,41,-291,-7,6,-435,-144,-154,-820,-40
-42,-43,-39,-63,-14,48,-291,-2,18,-434,-137,-154,-819,-39
-38,-42,-25,-63,-18,50,-291,1,21,-432,-130,-154,-821,-33
-36,-45,-30,-63,-23,45,-291,-2,13,-435,-127,-154,-820,-29
-39,-45,-47,-66,-17,31,-291,-8,15,-436,-136,-154,-818,-31
-24,-5,-24,-54,47,92,-291,19,37,-432,-3,-154,-823,9
-22,-6,-23,-54,49,96,-291,20,33,-433,-9,-154,-817,5
-22,-8,-23,-54,48,90,-291,25,39,-439,-13,-154,-820,8
-22,-2,-20,-54,45,95,-291,25,44,-440,-20,-154,-816,19
-24,-1,-19,-54,61,99,-291,24,46,-439,-38,-154,-816,24
-26,-5,-18,-54,78,93,-291,25,54,-440,-45,-154,-819,22
-25,3,-21,-53,77,92,-291,23,60,-438,-32,-154,-817,22
-21,5,-23,-54,73,97,-291,23,63,-437,-26,-154,-816,23
-18,-5,-9,-54,72,89,-291,26,65,-438,-29,-154,-815,17
-24,-7,4,-55,57,74,-291,21,57,-438,-33,-154,-814,2
-25,-30,-27,-53,-13,54,-291,0,35,-426,-106,-151,-813,-10
-23,-37,-30,-53,-13,55,-291,0,35,-435,-98,-150,-813,-8
-22,-24,-22,-53,-12,60,-291,-1,48,-441,-74,-149,-813,-7
-21,-19,-18,-53,4,59,-291,-1,51,-435,-59,-149,-813,-8
-20,-39,-24,-53,8,55,-291,-1,35,-433,-67,-149,-815,-8
-20,-38,-25,-53,-8,54,-291,-3,30,-434,-71,-149,-816,-8
-22,-10,-16,-53,-5,58,-291,1,44,-431,-64,-149,-816,-8
-21,-17,-16,-53,4,59,-291,8,45,-434,-66,-149,-816,-8
-21,-40,-25,-53,-9,57,-291,5,31,-437,-75,-149,-816,-8
-22,-27,-25,-53,-17,55,-291,-3,29,-436,-72,-149,-817,-8
-24,-5,-22,-53,-11,60,-291,0,38,-435,-75,-149,-816,-8
-24,-13,-21,-54,-12,62,-291,3,36,-436,-94,-149,-816,-8
-24,-23,-55,-53,-8,89,-291,-1,45,-435,-81,-153,-821,-12
-24,-3,-49,-53,-11,90,-291,8,46,-435,-75,-154,-818,-8
-24,-12,-51,-53,5,98,-291,20,43,-437,-60,-152,-817,-1
-24,-30,-53,-53,21,95,-291,13,48,-437,-50,-151,-816,1
-24,-39,-41,-53,4,67,-291,-1,33,-436,-65,-152,-818,-5
-24,-41,-29,-53,-13,53,-291,0,9,-436,-85,-152,-815,-7
-24,-41,-39,-53,-7,59,-291,1,10,-434,-82,-151,-813,-7
-24,-41,-59,-54,-6,61,-291,-4,15,-435,-66,-152,-817,-8
-24,-43,-50,-53,-13,47,-291,-5,5,-439,-61,-152,-820,-6
-24,-41,-29,-54,-6,35,-291,-3,-3,-436,-73,-151,-817,-4
-24,-40,-24,-56,-3,33,-291,1,0,-432,-84,-152,-816,-6
-24,-40,-25,-55,-8,41,-291,-1,0,-435,-74,-151,-817,-7
-24,-40,-21,-52,-7,52,-291,0,-2,-433,-64,-150,-817,-6
-24,-39,-18,-52,-5,56,-291,14,-1,-431,-70,-150,-816,-6
-15,-5,-20,-53,57,91,-291,23,96,-434,1,-153,-817,32
-13,-4,-19,-51,53,81,-291,29,93,-437,-12,-148,-817,27
-11,-2,-19,-50,48,80,-291,32,87,-437,-29,-151,-817,22
-14,0,-12,-50,52,89,-291,32,81,-433,-22,-152,-816,25
-17,-2,-13,-50,49,88,-291,33,78,-436,-39,-149,-817,25
-16,-5,-21,-50,42,84,-291,33,79,-437,-66,-150,-818,25
-13,-4,-9,-49,41,82,-291,33,76,-433,-64,-150,-819,28
-10,-4,6,-53,28,83,-291,33,70,-436,-61,-145,-818,24
-12,-6,4,-56,19,87,-291,32,64,-439,-70,-147,-817,19
-19,-4,5,-55,24,86,-291,32,63,-432,-71,-152,-817,23
-19,-6,5,-49,21,85,-291,33,61,-432,-67,-151,-817,23
-15,-9,-14,-46,17,87,-291,31,58,-440,-73,-150,-816,21
-17,-14,7,-42,47,60,-287,51,84,-430,-53,-154,-813,31
-11,-5,7,-40,42,64,-287,53,88,-435,-32,-151,-813,28
-11,-4,12,-47,45,61,-287,51,95,-437,-37,-148,-813,27
-13,-5,13,-53,59,73,-287,59,98,-433,-31,-149,-813,30
-12,-6,10,-52,51,76,-286,53,83,-433,-30,-150,-813,27
-13,-17,12,-45,35,48,-288,36,59,-436,-53,-150,-813,20
-14,-33,14,-44,41,31,-287,41,51,-436,-54,-150,-813,22
-12,-39,11,-52,52,37,-277,48,57,-436,-43,-151,-813,25
-14,-42,10,-53,42,36,-272,33,51,-432,-62,-150,-813,25
-15,-46,11,-50,31,26,-282,27,40,-429,-86,-149,-813,23
-12,-40,14,-53,36,28,-289,41,46,-436,-73,-150,-813,21
-12,-31,17,-47,39,35,-289,38,55,-437,-46,-151,-813,22
-13,-36,15,-38,37,37,-288,29,53,-433,-52,-151,-813,25
-6,-6,-20,-51,76,68,-288,51,29,-434,-72,-148,-808,48
-8,-6,-4,-52,77,62,-291,52,22,-437,-67,-148,-784,39
-12,-5,5,-51,70,61,-289,54,18,-436,-71,-148,-777,22
-12,3,7,-49,76,80,-287,55,33,-435,-86,-147,-784,29
-12,4,11,-51,83,80,-287,56,40,-436,-103,-149,-784,30
-17,-7,12,-54,67,58,-286,46,31,-437,-104,-153,-779,20
-19,-13,10,-52,53,56,-287,45,22,-435,-100,-151,-781,23
-12,-17,9,-50,49,56,-288,56,17,-435,-112,-143,-782,25
-10,-29,12,-50,47,35,-284,52,22,-438,-116,-151,-782,21
-20,-37,12,-50,49,26,-285,36,30,-437,-96,-147,-783,23
-17,-36,5,-50,51,30,-289,29,31,-433,-87,-134,-784,28
-13,-39,-24,-49,13,57,-288,27,-2,-429,-77,-146,-814,15
-9,-12,-23,-51,18,67,-288,31,10,-436,-67,-143,-814,7
-12,-3,-22,-50,17,64,-286,27,12,-433,-73,-125,-814,3
-17,-13,-23,-43,17,62,-287,32,5,-433,-74,-140,-814,6
-14,-12,-22,-41,19,73,-289,50,2,-438,-67,-158,-814,12
-10,-6,-19,-42,17,90,-289,52,6,-433,-71,-142,-814,7
-10,-9,-20,-43,14,90,-286,35,2,-431,-77,-126,-814,-2
-13,-13,-25,-41,3,70,-278,29,-14,-438,-91,-127,-814,-4
-11,-17,-26,-39,-12,55,-275,34,-29,-435,-113,-131,-814,-8
-5,-19,-26,-45,-3,59,-274,33,-28,-433,-117,-128,-814,-7
-7,-16,-26,-52,11,67,-276,31,-24,-438,-103,-124,-814,-2
-15,-16,-26,-52,-5,65,-285,33,-29,-434,-99,-129,-814,-3
-15,-29,-27,-51,-14,62,-286,32,-31,-431,-106,-130,-814,-3
-8,-31,-25,-50,4,64,-281,31,-29,-433,-104,-125,-814,-3
-16,-37,-54,-50,10,31,-283,21,-13,-429,-154,-122,-812,-11
-11,-36,-46,-50,17,34,-285,22,-11,-433,-131,-127,-813,-7
-11,-17,-46,-50,24,53,-289,22,1,-433,-101,-142,-815,2
-16,-10,-54,-50,20,51,-285,19,5,-433,-103,-151,-815,3
-11,-13,-51,-50,22,51,-282,16,7,-438,-121,-149,-814,-2
-6,-11,-48,-50,35,59,-284,18,15,-437,-129,-150,-815,-4
-8,-7,-50,-50,39,63,-288,23,21,-433,-126,-153,-815,-2
-11,-7,-52,-50,29,60,-291,27,22,-434,-122,-154,-815,0
-9,-11,-52,-50,19,56,-289,25,18,-436,-122,-152,-815,-5
-7,-14,-50,-50,17,55,-276,21,16,-436,-122,-147,-815,-9
-6,-10,-48,-50,17,62,-274,20,26,-435,-117,-150,-815,-7
-13,-41,-48,-51,-14,16,-279,11,-71,-429,-82,-129,-817,-6
-11,-38,-54,-54,-19,17,-278,6,-85,-432,-86,-129,-817,-9
-4,-36,-49,-57,-13,24,-275,16,-80,-433,-92,-126,-817,-10
-4,-38,-46,-55,-5,27,-283,24,-66,-433,-88,-126,-817,-6
-10,-33,-51,-53,-10,32,-290,26,-66,-433,-88,-127,-816,-4
-11,-25,-53,-53,-17,35,-285,25,-68,-433,-90,-126,-816,-7
-4,-31,-52,-53,-13,31,-289,21,-62,-436,-80,-125,-817,-7
2,-32,-53,-53,-12,42,-291,24,-61,-435,-68,-126,-816,-5
3,-15,-54,-53,-13,64,-281,30,-54,-430,-63,-126,-816,-4
-5,-5,-54,-53,-10,66,-280,25,-42,-431,-65,-126,-820,-2
-7,-13,-54,-53,-8,58,-290,25,-46,-434,-63,-126,-822,-1
-3,-13,-54,-53,-11,58,-291,30,-61,-433,-56,-126,-819,-4
-5,-7,-54,-53,-13,59,-284,32,-56,-434,-54,-126,-818,-8
-7,-8,-54,-53,-13,60,-287,33,-42,-434,-57,-126,-818,-9
-5,-41,-50,-52,-50,32,-291,31,-9,-433,-129,-124,-790,-24
-4,-39,-48,-52,-48,57,-286,33,1,-433,-123,-124,-787,-25
2,-38,-40,-52,-42,63,-285,32,3,-433,-113,-124,-791,-24
1,-37,-39,-52,-42,53,-285,28,0,-433,-119,-124,-791,-14
-7,-36,-50,-52,-43,58,-286,27,-1,-433,-119,-124,-783,-8
-5,-36,-54,-52,-36,65,-287,29,6,-433,-90,-124,-792,-8
6,-35,-51,-52,-23,73,-287,28,19,-432,-64,-124,-798,-7
3,-31,-53,-52,-15,84,-289,27,21,-433,-67,-124,-792,-3
-5,-30,-55,-52,-15,77,-287,25,19,-433,-70,-124,-801,0
-1,-33,-51,-51,-15,70,-279,24,18,-431,-66,-124,-804,1
0,-33,-48,-52,-12,70,-279,27,8,-430,-63,-124,-791,-4
-2,-35,-47,-52,-17,65,-288,32,2,-431,-56,-124,-798,-7
-14,-12,-51,-53,-9,69,-290,25,-29,-436,-108,-124,-779,-10
-11,-11,-50,-53,-12,67,-278,24,-30,-439,-106,-123,-778,-9
-7,-10,-51,-53,-8,83,-272,25,-15,-439,-101,-124,-781,-9
-8,-10,-52,-53,-8,94,-277,29,-6,-432,-99,-127,-784,-5
-11,-8,-51,-53,-13,87,-280,28,-5,-435,-114,-128,-783,-8
-12,-3,-48,-53,-12,92,-278,34,2,-442,-117,-126,-781,-8
-9,-5,-50,-53,-13,91,-282,38,-2,-436,-113,-125,-781,-13
-7,-10,-55,-53,-15,68,-289,31,-14,-431,-129,-124,-781,-28
-2,-12,-55,-53,-13,59,-283,24,-12,-435,-139,-122,-781,-30
-4,-9,-51,-53,-16,64,-273,25,-17,-432,-125,-122,-781,-26
-13,-12,-51,-53,-21,57,-280,26,-32,-430,-114,-123,-781,-29
-11,-25,-53,-53,-20,55,-288,25,-29,-436,-119,-122,-781,-30
-11,-36,-50,-53,-24,55,-281,29,-21,-438,-119,-123,-780,-30
-15,-41,-54,-54,5,24,-279,3,-53,-432,-85,-123,-799,-23
-8,-37,-48,-53,7,33,-277,23,-34,-432,-90,-123,-794,-12
-3,-36,-46,-53,-11,26,-275,31,-36,-435,-86,-123,-799,-10
-12,-36,-56,-53,-14,25,-275,27,-56,-435,-89,-123,-800,-11
-15,-39,-49,-55,-11,29,-275,28,-59,-431,-88,-123,-787,-10
-5,-33,-28,-57,1,37,-276,35,-37,-433,-72,-123,-782,-8
0,-20,-21,-56,7,42,-277,35,-26,-435,-64,-123,-786,-16
-4,-22,-31,-54,-7,33,-277,32,-38,-432,-69,-123,-790,-20
-5,-38,-43,-53,-12,22,-277,29,-53,-434,-71,-123,-801,-9
-4,-11,-34,-56,-12,49,-276,31,7,-432,-170,-122,-813,-2
-7,-23,-22,-56,-28,45,-275,31,-11,-432,-177,-122,-813,-15
-7,-36,-29,-56,-38,30,-278,30,-28,-435,-192,-123,-813,-19
-3,-30,-32,-56,-16,32,-277,31,-15,-437,-181,-123,-813,-9
1,-10,-27,-56,-5,54,-277,31,3,-439,-155,-123,-813,-4
0,-5,-26,-56,-15,66,-276,31,3,-436,-122,-123,-813,-5
1,-15,-25,-56,-14,52,-274,29,-1,-431,-93,-123,-813,-4
4,-31,-24,-56,-11,39,-276,29,-6,-433,-94,-123,-813,-5
4,-29,-25,-56,-15,39,-275,34,-7,-433,-97,-123,-813,-6
3,-13,-24,-56,-11,42,-274,36,2,-431,-82,-123,-813,-1
1,-20,-24,-56,-9,32,-278,34,-4,-432,-83,-123,-813,0
-3,-39,-25,-56,-10,25,-273,33,-24,-435,-100,-123,-813,-5
-14,-44,-33,-56,-42,26,-275,34,-36,-433,-143,-124,-810,-39
-11,-47,-33,-56,-45,8,-275,32,-32,-433,-152,-124,-810,-38
-2,-45,-31,-56,-39,4,-275,30,-27,-433,-139,-124,-810,-30
-5,-41,-28,-56,-41,24,-275,30,-30,-433,-126,-124,-810,-27
-10,-42,-27,-56,-33,31,-276,30,-23,-433,-146,-124,-810,-30
-10,-44,-28,-56,-20,21,-274,28,-16,-434,-159,-124,-810,-24
-1,-30,-26,-56,-11,40,-276,31,-8,-435,-136,-124,-810,-9
3,-9,-21,-56,8,67,-280,34,15,-436,-123,-124,-810,-1
-3,-3,-22,-56,24,75,-280,36,30,-438,-122,-124,-810,-1
-2,-4,-29,-56,23,87,-272,38,31,-436,-92,-124,-810,0
7,-4,-22,-53,24,62,-267,53,33,-433,-103,-123,-788,14
4,-7,-24,-53,19,62,-265,37,30,-430,-114,-122,-786,-5
1,-10,-26,-53,19,51,-277,31,27,-434,-114,-122,-787,0
0,-15,-30,-53,22,39,-281,36,23,-436,-105,-122,-788,6
-1,-17,-32,-53,19,46,-267,34,26,-433,-98,-122,-807,3
2,-11,-31,-53,24,59,-261,28,33,-433,-94,-122,-821,7
3,-7,-30,-53,31,59,-262,33,34,-433,-92,-122,-803,10
-1,-10,-32,-53,28,56,-263,45,32,-431,-101,-123,-797,4
0,1,-32,-51,29,72,-263,55,41,-431,-105,-122,-812,-3
8,25,-26,-50,47,92,-259,56,54,-434,-90,-122,-813,7
11,21,-21,-49,53,88,-261,56,47,-433,-80,-122,-804,20
5,-3,-23,-52,30,67,-277,58,31,-430,-87,-122,-800,11
-10,-14,-26,-52,-2,40,-261,22,2,-433,-103,-122,-782,-10
-4,-12,-29,-52,-12,31,-261,23,-8,-434,-104,-122,-783,-12
1,-12,-28,-52,-12,34,-261,26,-13,-432,-97,-122,-783,-15
-4,-18,-28,-52,-14,36,-261,27,-2,-434,-98,-122,-784,-14
0,-14,-29,-52,-12,35,-261,28,9,-436,-115,-122,-784,-10
3,-12,-25,-51,-8,32,-261,29,3,-433,-125,-122,-784,-6
-1,-22,-21,-51,-8,30,-261,28,0,-430,-112,-123,-784,-5
2,-18,-22,-49,-7,32,-261,26,12,-434,-97,-125,-786,-6
1,-15,-23,-49,-7,31,-261,25,22,-435,-97,-122,-785,-7
-2,-40,-28,-54,-38,10,-259,33,-62,-427,-119,-125,-784,-30
1,-44,-20,-55,-49,-6,-265,33,-68,-427,-112,-125,-784,-30
5,-49,-22,-47,-47,-8,-267,28,-75,-426,-118,-125,-784,-32
3,-48,-27,-49,-49,-5,-268,22,-71,-428,-133,-125,-783,-34
0,-43,-23,-55,-52,-2,-269,28,-66,-429,-126,-125,-785,-32
-3,-48,-24,-53,-48,-11,-264,29,-77,-428,-123,-124,-788,-34
1,-63,-30,-51,-50,-32,-260,14,-93,-430,-142,-124,-788,-39
5,-70,-33,-53,-61,-38,-264,10,-96,-432,-155,-125,-786,-40
1,-65,-33,-54,-75,-32,-265,11,-91,-430,-153,-124,-786,-38
-1,-63,-30,-53,-80,-30,-260,5,-91,-430,-155,-121,-786,-37
0,-68,-33,-53,-66,-31,-262,-1,-92,-431,-163,-120,-784,-33
-1,-67,-39,-54,-50,-34,-263,1,-89,-429,-157,-120,-784,-27
6,-36,-24,-50,-34,31,-275,29,6,-435,-52,-120,-784,-18
9,-37,-31,-50,-40,24,-270,26,0,-436,-36,-121,-784,-24
0,-42,-32,-50,-39,14,-259,20,-3,-437,-66,-120,-784,-26
-2,-45,-27,-50,-28,6,-262,6,-6,-424,-78,-121,-784,-14
7,-45,-26,-50,-33,0,-267,7,-16,-417,-84,-121,-784,-16
6,-45,-30,-50,-36,5,-263,23,-17,-430,-105,-120,-784,-27
-4,-44,-30,-50,-24,18,-261,26,-10,-434,-101,-121,-784,-26
-2,-43,-28,-50,-28,26,-264,19,-10,-431,-80,-122,-784,-21
2,-40,-28,-50,-44,25,-262,20,-16,-434,-81,-120,-784,-18
1,-33,-25,-50,-29,32,-260,26,-9,-437,-78,-120,-784,-10
1,-28,-19,-50,-12,49,-261,30,3,-433,-67,-122,-784,-6
2,-4,-42,-43,17,66,-267,32,-38,-434,-126,-121,-751,-3
4,-5,-38,-41,20,62,-262,32,-26,-436,-131,-121,-751,-2
6,-9,-55,-44,13,58,-271,29,-28,-432,-120,-121,-754,-7
4,-11,-52,-43,13,63,-266,27,-26,-431,-110,-121,-751,-9
-2,-15,-34,-41,13,61,-257,29,-14,-435,-118,-121,-751,-8
-5,-15,-28,-42,9,54,-264,27,-12,-435,-112,-121,-752,-9
2,-17,-24,-42,9,58,-270,33,-11,-435,-95,-121,-751,-11
11,0,-21,-43,49,88,-261,30,24,-436,-99,-120,-778,23
3,-3,-24,-41,46,82,-261,30,27,-439,-94,-120,-785,22
4,-7,-30,-40,46,65,-261,29,14,-437,-97,-120,-776,19
10,-8,-31,-48,42,61,-261,29,2,-433,-110,-120,-762,18
10,-8,-26,-50,44,65,-261,30,0,-432,-118,-120,-766,20
8,-8,-24,-40,44,62,-261,30,-1,-433,-120,-120,-781,22
10,-11,-25,-36,33,58,-261,26,-8,-432,-120,-120,-780,19
11,-14,-22,-41,28,62,-261,24,-23,-431,-124,-120,-770,17
9,-13,-21,-42,27,60,-261,28,-26,-434,-132,-120,-769,21
10,-6,-23,-41,27,67,-261,29,-8,-434,-131,-120,-774,23
11,-8,-23,-39,42,71,-261,30,23,-434,9,-120,-749,23
10,-2,-22,-39,38,73,-262,30,19,-433,12,-121,-750,23
13,-8,-24,-41,29,83,-260,29,15,-431,-5,-118,-752,18
11,-9,-23,-40,36,89,-259,27,23,-433,-21,-115,-750,12
8,-1,-21,-40,51,92,-260,25,28,-436,-19,-119,-749,16
9,-5,-21,-40,52,93,-260,24,29,-438,-20,-121,-750,25
9,-4,-20,-40,47,94,-257,29,43,-437,-36,-120,-750,24
8,9,-19,-41,49,98,-258,31,52,-437,-37,-119,-751,18
9,7,-19,-39,52,94,-258,27,37,-436,-17,-122,-752,18
9,3,-19,-36,53,90,-257,26,31,-436,-5,-123,-752,22
9,19,-21,-36,54,100,-260,34,42,-437,-7,-122,-751,24
11,20,-20,-41,79,89,-259,37,14,-435,-44,-110,-748,45
11,18,-15,-41,81,88,-259,33,15,-432,-35,-88,-748,53
15,17,-21,-40,82,87,-259,28,17,-432,-30,-106,-748,58
16,19,-26,-41,77,81,-259,31,14,-431,-47,-128,-748,50
11,24,-10,-41,81,86,-259,35,17,-431,-55,-106,-749,52
8,27,-1,-38,87,95,-259,32,21,-437,-40,-97,-746,57
11,21,-19,-36,85,94,-259,30,12,-441,-33,-122,-748,54
12,16,-26,-38,80,93,-259,29,2,-434,-40,-128,-751,52
9,14,-19,-38,81,81,-259,26,-6,-430,-49,-106,-740,50
9,3,-22,-38,76,69,-259,38,-22,-436,-60,-92,-737,37
11,22,16,-35,108,119,-261,62,48,-435,-54,-119,-719,54
11,20,11,-34,87,95,-261,53,37,-433,-48,-119,-719,42
11,21,7,-33,79,91,-261,53,35,-437,-60,-119,-719,33
12,17,11,-33,80,98,-261,58,29,-438,-93,-119,-719,30
11,15,10,-32,76,95,-261,62,23,-436,-109,-119,-719,29
10,16,9,-30,68,96,-261,63,31,-436,-105,-119,-719,27
9,14,17,-31,56,97,-261,58,33,-436,-115,-120,-719,28
10,18,24,-33,46,90,-261,54,24,-437,-127,-117,-719,26
9,18,23,-34,45,89,-261,55,17,-438,-115,-118,-719,20
21,22,10,-36,44,115,-260,62,39,-429,-92,-93,-708,37
17,16,9,-35,37,114,-260,61,32,-434,-85,-92,-717,36
15,19,8,-36,45,115,-260,60,34,-437,-71,-91,-716,51
18,21,22,-39,55,107,-260,60,40,-431,-68,-96,-714,55
19,20,23,-37,49,91,-260,58,42,-427,-71,-115,-715,48
16,18,13,-33,44,99,-260,55,44,-433,-74,-113,-712,50
11,22,19,-33,51,123,-260,53,44,-438,-77,-103,-715,59
7,18,25,-33,56,117,-260,56,38,-434,-75,-117,-720,50
12,-3,13,-32,50,90,-260,50,26,-436,-74,-118,-718,28
22,23,-17,-41,22,75,-257,58,18,-439,-66,-93,-719,30
21,10,-19,-30,28,75,-258,59,8,-440,-77,-100,-719,27
30,4,-11,-29,38,72,-259,64,2,-440,-89,-109,-719,25
25,13,4,-39,27,79,-256,63,2,-436,-77,-101,-719,27
14,7,8,-37,19,79,-256,62,2,-432,-77,-91,-719,24
19,-9,2,-29,27,78,-260,68,-3,-437,-87,-94,-720,22
26,-8,1,-31,29,86,-258,71,-5,-441,-71,-96,-719,26
21,11,6,-31,31,92,-256,63,0,-435,-56,-95,-716,26
18,18,4,-28,34,92,-260,61,4,-433,-59,-97,-717,21
19,4,-1,-32,33,93,-258,64,4,-436,-56,-97,-719,19
21,2,4,-36,41,91,-254,60,11,-437,-37,-98,-719,24
7,-11,-20,-38,21,31,-258,55,4,-433,-62,-92,-719,3
3,-23,-19,-39,10,27,-258,58,2,-431,-77,-93,-719,0
1,-40,-30,-40,-14,15,-258,57,-17,-432,-89,-98,-719,-6
4,-37,-45,-41,-18,4,-258,58,-32,-433,-94,-95,-719,-8
11,-31,-47,-41,-12,1,-258,61,-33,-435,-107,-94,-719,-13
6,-33,-34,-36,-15,3,-258,63,-28,-437,-123,-96,-719,-14
1,-35,-25,-35,-17,4,-258,63,-31,-435,-114,-95,-719,-4
7,-39,-28,-40,0,0,-258,61,-35,-433,-78,-95,-721,2
13,-30,-29,-40,21,2,-258,60,-21,-439,-61,-95,-722,3
11,-72,-57,-41,-18,-1,-259,19,-44,-438,-168,-127,-719,-37
10,-67,-57,-38,-17,-3,-260,23,-42,-437,-167,-119,-719,-37
11,-66,-54,-31,-11,5,-258,22,-31,-434,-158,-118,-719,-29
13,-69,-47,-31,-17,0,-256,19,-39,-437,-168,-123,-719,-33
9,-67,-31,-33,-17,-6,-259,21,-52,-439,-160,-120,-719,-26
10,-66,-23,-35,0,9,-260,24,-44,-437,-127,-122,-719,-10
14,-65,-28,-37,15,22,-258,29,-29,-438,-119,-122,-719,-4
9,-64,-28,-32,20,16,-258,31,-30,-440,-134,-116,-719,-6
8,-66,-22,-31,10,6,-259,29,-36,-438,-132,-121,-719,-8
12,-57,-25,-35,-10,9,-257,29,-34,-436,-130,-121,-719,-11
13,-41,-27,-34,-8,22,-259,34,-27,-434,-145,-107,-719,-11
11,-68,-31,-43,13,-5,-258,29,-2,-437,-180,-119,-714,-8
13,-67,-27,-44,8,0,-260,28,-7,-434,-181,-119,-714,-11
12,-57,-24,-42,14,6,-261,39,-8,-433,-178,-119,-714,-7
6,-60,-25,-41,15,0,-258,35,-7,-433,-183,-119,-714,-5
3,-64,-25,-43,12,4,-255,32,-2,-433,-181,-117,-714,-5
5,-58,-26,-39,18,23,-256,41,1,-434,-174,-120,-714,-3
5,-50,-29,-36,27,28,-259,50,-1,-435,-165,-119,-714,-4
4,-42,-26,-38,42,29,-260,50,8,-434,-151,-107,-714,-1
5,-37,-23,-35,53,43,-257,41,25,-436,-145,-105,-714,3
5,-40,-26,-35,41,41,-255,33,21,-435,-155,-118,-714,-2
6,-40,-31,-40,43,43,-254,56,33,-436,-93,-118,-713,-8
12,-35,-27,-39,43,57,-250,55,36,-435,-71,-119,-702,-7
14,-35,-30,-39,48,61,-250,55,33,-436,-63,-119,-695,-6
9,-37,-31,-39,48,57,-258,56,35,-437,-69,-117,-709,-5
10,-33,-28,-33,46,56,-259,53,33,-434,-71,-119,-713,-5
13,-29,-29,-31,52,58,-254,50,35,-433,-66,-122,-706,-2
9,-32,-32,-38,54,62,-255,46,41,-440,-63,-123,-709,0
9,-33,-32,-43,49,62,-258,45,40,-439,-67,-121,-718,-2
14,-32,-28,-41,45,57,-256,48,35,-433,-71,-119,-714,-6
11,-35,-27,-42,47,60,-258,40,31,-435,-71,-119,-709,-6
12,-8,-24,-38,22,66,-258,26,-53,-435,-54,-119,-689,3
15,-15,-25,-38,9,55,-257,28,-52,-437,-63,-118,-684,1
18,-15,-27,-36,16,62,-258,31,-49,-435,-80,-122,-705,-4
14,-9,-26,-40,22,64,-259,28,-54,-433,-90,-115,-713,1
10,-9,-24,-46,21,59,-260,30,-59,-433,-88,-96,-695,16
11,-12,-23,-41,25,65,-260,30,-54,-434,-83,-90,-698,24
10,-8,-21,-32,25,54,-261,27,-60,-435,-94,-99,-717,18
10,-12,-19,-35,17,32,-257,40,-82,-437,-114,-101,-711,8
13,-36,-23,-42,11,28,-256,52,-95,-437,-123,-98,-703,4
13,-35,-30,-42,13,29,-259,38,-92,-437,-121,-99,-708,-2
11,-9,-30,-40,14,29,-260,28,-85,-437,-124,-100,-701,0
11,-15,-39,-35,44,65,-259,26,17,-434,-90,-119,-690,19
12,-15,-53,-42,34,54,-262,31,14,-437,-78,-121,-690,17
9,-23,-48,-40,23,65,-256,31,8,-438,-83,-122,-690,6
10,-37,-31,-33,15,57,-255,29,-11,-434,-109,-123,-690,-4
11,-38,-27,-29,6,39,-256,31,-29,-434,-124,-122,-690,-6
11,-37,-29,-34,-10,44,-257,31,-35,-434,-121,-122,-690,-6
12,-39,-24,-41,-11,59,-258,32,-30,-435,-114,-123,-690,-5
12,-23,-21,-43,1,62,-259,42,-17,-435,-119,-121,-690,-2
12,-1,-14,-24,48,90,-246,30,-27,-434,-45,-93,-682,1
11,18,0,-24,51,91,-249,46,-1,-439,-33,-92,-678,2
10,23,4,-25,68,103,-249,58,9,-440,-33,-92,-675,17
12,17,-3,-24,79,113,-246,51,8,-438,-32,-91,-678,27
12,20,-4,-24,77,108,-246,49,22,-433,-13,-92,-677,24
9,24,3,-24,74,105,-254,45,34,-430,-2,-96,-675,22
10,9,-8,-24,63,104,-259,34,28,-433,-9,-95,-675,22
13,-13,-24,-27,51,55,-248,31,26,-432,39,-98,-690,25
13,-14,-22,-27,52,59,-250,32,33,-433,94,-98,-690,26
16,-14,-23,-25,56,56,-247,27,34,-433,100,-98,-688,28
13,-9,-16,-23,71,61,-248,31,34,-431,59,-96,-686,33
9,-3,3,-25,84,82,-247,48,41,-430,43,-97,-687,47
12,5,7,-26,78,97,-241,57,48,-430,55,-98,-687,54
13,5,-7,-24,68,92,-244,57,47,-434,37,-98,-687,50
17,-2,-1,-24,69,88,-246,58,52,-437,16,-94,-687,51
21,-4,4,-25,67,92,-245,42,55,-434,15,-93,-687,53
14,-4,-19,-24,52,84,-250,26,47,-432,6,-97,-687,44
11,-10,-22,-25,25,66,-245,62,36,-434,-46,-96,-678,34
12,-29,-25,-25,15,43,-244,57,16,-435,-68,-96,-678,30
13,-45,-23,-23,20,30,-248,39,16,-433,-91,-96,-678,30
14,-34,-13,-26,19,50,-249,30,29,-436,-95,-96,-678,33
12,-12,-1,-32,15,66,-247,33,37,-439,-85,-96,-678,39
11,-6,1,-31,17,60,-249,33,44,-434,-69,-96,-678,38
15,-7,-1,-23,17,65,-250,29,48,-432,-64,-96,-678,29
16,-5,0,-21,16,77,-243,28,49,-439,-71,-96,-678,27
10,-5,2,-22,17,69,-243,32,52,-437,-65,-96,-678,28
10,-10,-15,-22,-12,63,-244,33,-26,-436,-90,-96,-684,17
10,-9,-20,-21,6,55,-248,28,-35,-436,-92,-96,-684,17
13,-9,-22,-31,16,59,-247,28,-28,-436,-84,-96,-684,21
14,-4,-22,-35,13,72,-243,29,-7,-437,-83,-96,-684,25
13,0,-23,-24,18,85,-245,28,4,-434,-83,-96,-684,26
13,-3,-26,-21,23,89,-246,27,8,-434,-64,-96,-684,29
13,-4,-27,-29,20,89,-245,28,9,-439,-43,-96,-684,32
15,5,-24,-29,23,92,-245,27,13,-440,-39,-96,-684,30
19,7,-20,-24,26,93,-245,32,16,-434,-39,-96,-684,29
18,-2,-17,-22,24,89,-244,35,11,-431,-43,-96,-684,32
17,-9,7,-24,43,90,-247,30,35,-435,-88,-96,-678,20
13,-11,-2,-24,31,87,-251,31,30,-435,-90,-96,-678,6
11,-10,2,-24,22,90,-246,45,30,-435,-87,-96,-679,-1
12,-10,3,-24,22,86,-243,51,28,-436,-93,-96,-678,10
11,-11,-19,-24,28,81,-244,33,29,-437,-94,-96,-676,20
13,-7,-30,-24,38,84,-241,23,33,-434,-80,-96,-676,19
14,-6,-22,-24,39,86,-239,31,33,-428,-69,-96,-678,17
11,-6,-24,-24,27,84,-242,31,38,-430,-67,-96,-677,12
10,-3,-30,-24,19,85,-237,26,45,-433,-61,-96,-676,1
12,0,-25,-24,20,89,-236,33,41,-436,-55,-96,-677,3
16,16,-17,-24,43,116,-247,31,62,-433,54,-96,-666,21
16,16,-17,-24,44,117,-246,32,59,-433,64,-96,-663,20
16,17,-3,-24,42,110,-246,30,59,-431,101,-96,-662,21
15,15,-14,-24,31,96,-246,30,57,-432,120,-96,-662,23
17,16,-24,-24,22,95,-246,32,54,-434,117,-96,-663,24
19,16,-19,-24,24,100,-246,29,53,-433,124,-96,-659,24
18,15,-20,-24,33,100,-246,27,57,-431,142,-96,-660,24
17,18,-16,-24,47,100,-246,33,62,-432,159,-96,-671,24
14,10,-9,-24,48,95,-246,36,55,-433,151,-96,-679,24
9,-9,-10,-24,51,34,-246,34,-82,-432,29,-96,-679,12
10,-32,-13,-24,44,32,-245,31,-90,-438,34,-96,-677,8
17,-40,-20,-24,41,32,-244,32,-85,-435,22,-96,-680,3
18,-25,-21,-24,44,30,-246,30,-82,-429,24,-96,-680,4
12,-14,-12,-24,49,31,-246,21,-78,-429,35,-96,-668,5
11,-17,-2,-24,45,36,-244,22,-67,-432,49,-96,-657,2
13,-14,4,-24,46,37,-244,31,-60,-431,51,-96,-659,11
14,-9,4,-24,54,34,-247,32,-59,-431,43,-96,-661,22
15,-25,-8,-24,37,29,-239,26,-62,-432,39,-96,-659,9
14,0,-32,-23,41,75,-244,2,27,-433,-4,-96,-663,25
10,-3,-33,-21,41,61,-247,17,24,-432,-6,-96,-665,25
8,-3,-32,-22,44,63,-246,21,19,-431,-9,-96,-662,24
11,-4,-28,-25,40,68,-246,13,16,-433,-12,-96,-658,20
14,0,-25,-24,42,68,-242,19,15,-433,2,-96,-660,21
12,4,-21,-24,44,68,-231,26,21,-433,22,-96,-661,24
9,-2,-19,-24,32,65,-229,24,21,-437,16,-96,-661,22
9,-9,-21,-25,20,57,-230,19,12,-436,-8,-96,-659,14
14,-5,3,-23,-16,75,-231,53,26,-432,-88,-93,-646,-6
10,-9,1,-23,-15,63,-226,51,17,-429,-95,-93,-646,-7
8,-15,1,-23,-14,61,-237,54,2,-432,-84,-93,-646,-12
10,-13,0,-23,-15,61,-243,50,1,-436,-98,-93,-646,-12
9,-13,-6,-23,-17,55,-245,37,4,-432,-104,-93,-646,-6
8,-15,-5,-23,-16,54,-244,26,-4,-430,-82,-93,-646,-7
9,-19,-3,-22,-13,57,-243,26,-7,-433,-65,-93,-646,-9
11,-16,-8,-23,-14,47,-242,28,-2,-434,-60,-93,-646,-7
11,-13,-18,-25,-16,41,-244,28,1,-432,-50,-93,-646,-6
11,-26,-23,-22,-17,48,-245,26,3,-433,-44,-93,-646,-8
7,-33,-25,-22,21,35,-242,26,-64,-432,-94,-92,-648,-6
8,-25,-28,-23,33,34,-250,29,-67,-431,-93,-92,-648,-4
9,-19,-29,-22,36,40,-242,32,-65,-430,-97,-92,-648,-1
11,-29,-27,-21,26,34,-226,29,-70,-429,-116,-92,-648,0
14,-41,-26,-24,19,23,-227,24,-88,-429,-123,-92,-647,-4
13,-39,-22,-25,30,23,-244,26,-93,-430,-103,-92,-648,-3
10,-38,-20,-22,40,26,-244,28,-90,-431,-91,-92,-648,1
8,-45,-22,-21,32,16,-228,25,-94,-432,-104,-92,-647,-4
3,-41,-53,-24,34,34,-243,-7,-31,-430,-96,-91,-644,-3
3,-39,-51,-24,41,28,-247,-6,-27,-430,-107,-94,-644,-3
8,-35,-41,-24,52,36,-239,-2,-16,-432,-97,-94,-644,-2
12,-33,-40,-24,46,55,-229,-1,-8,-434,-93,-93,-645,0
13,-36,-47,-24,41,45,-240,-2,-12,-434,-98,-93,-646,-3
10,-42,-48,-24,45,31,-243,-2,-22,-430,-100,-93,-647,-6
3,-41,-43,-24,44,38,-226,-2,-24,-430,-117,-93,-646,-4
4,-38,-48,-24,41,38,-227,-5,-23,-431,-135,-93,-646,-7
7,-41,-57,-24,41,28,-246,-8,-29,-430,-132,-93,-646,-12
6,-44,-52,-24,43,31,-240,-9,-33,-431,-130,-94,-646,-7
8,-1,-45,-24,50,69,-232,8,-28,-431,-138,-91,-631,-8
8,-5,-55,-20,47,72,-227,-8,-28,-427,-154,-91,-630,-4
8,-4,-48,-18,49,80,-231,-1,-17,-422,-171,-91,-630,0
8,-4,-47,-23,49,78,-230,-1,-11,-429,-177,-91,-631,-2
8,-10,-50,-23,48,66,-229,-7,-12,-434,-188,-91,-631,-5
8,-15,-51,-20,45,58,-244,-3,-14,-430,-192,-91,-629,-11
8,-13,-51,-22,48,57,-248,0,-15,-431,-185,-92,-630,-11
8,-10,-47,-25,51,66,-235,-1,-10,-435,-190,-91,-632,-6
7,-6,-40,-23,48,82,-239,-2,0,-431,-203,-89,-630,-9
9,-4,-38,-20,49,88,-244,2,3,-430,-206,-91,-627,-12
10,-5,-42,-21,53,84,-233,19,0,-433,-206,-93,-630,-6
11,-69,-82,-22,8,-9,-225,-13,-88,-433,-215,-92,-628,-30
9,-73,-59,-23,14,-9,-229,-5,-88,-434,-221,-91,-634,-22
8,-56,-52,-22,21,-4,-235,3,-69,-433,-217,-90,-639,-13
8,-41,-59,-22,22,6,-228,0,-62,-433,-208,-90,-644,-19
9,-58,-60,-25,17,-1,-230,-5,-80,-434,-211,-90,-642,-27
9,-73,-59,-27,11,-18,-245,-2,-87,-431,-211,-90,-636,-30
11,-62,-61,-25,15,-16,-249,-1,-76,-430,-193,-90,-639,-22
11,-61,-67,-24,23,-2,-233,-10,-66,-434,-177,-90,-640,-6
8,-62,-83,-25,23,0,-230,-18,-63,-434,-179,-90,-640,-3
1,-71,-74,-23,-11,-1,-238,-9,-59,-430,-153,-91,-630,-31
10,-67,-88,-22,-8,-2,-227,-7,-55,-432,-176,-90,-623,-23
14,-63,-82,-25,2,15,-238,-1,-40,-432,-202,-90,-626,-9
7,-68,-81,-22,-2,24,-248,-5,-29,-431,-189,-90,-628,-13
8,-61,-84,-23,-12,24,-242,-9,-21,-426,-175,-90,-629,-28
13,-45,-85,-25,-7,27,-237,-1,-15,-419,-181,-90,-631,-30
9,-44,-80,-24,-4,24,-233,3,-21,-428,-173,-90,-627,-28
8,-48,-62,-24,-9,18,-227,-1,-28,-437,-158,-90,-623,-33
10,-44,-48,-24,3,26,-230,1,-27,-431,-155,-90,-627,-31
8,-65,-71,-21,-16,31,-231,-6,-97,-436,-45,-84,-616,-30
1,-62,-60,-20,-2,30,-231,1,-95,-431,-41,-83,-617,-25
2,-47,-56,-23,9,36,-231,2,-86,-431,-36,-87,-619,-24
13,-51,-55,-27,-8,40,-230,-1,-85,-434,-30,-76,-614,-29
13,-59,-55,-26,-18,36,-232,-4,-92,-431,-13,-64,-613,-28
-3,-61,-55,-24,-15,28,-232,-2,-92,-430,-5,-73,-617,-29
-4,-66,-58,-24,-20,27,-229,-11,-89,-432,-17,-86,-617,-35
11,-70,-59,-25,-22,25,-238,-23,-88,-431,-29,-87,-616,-36
-2,-37,-43,-24,19,33,-240,-8,-22,-430,-121,-63,-617,-1
-10,-44,-49,-24,16,27,-247,-12,-28,-428,-136,-65,-619,-2
3,-62,-41,-24,13,28,-239,-10,-48,-429,-141,-78,-618,-1
13,-71,-45,-24,16,23,-226,-10,-63,-433,-144,-89,-615,0
4,-67,-54,-24,14,7,-228,-7,-64,-432,-149,-89,-617,-1
-2,-66,-50,-24,-4,-2,-232,0,-69,-431,-155,-70,-618,-4
2,-71,-43,-24,-18,-2,-230,-1,-79,-432,-163,-64,-614,-10
2,-62,-41,-24,1,10,-237,-4,-72,-429,-155,-80,-619,-9
4,-41,-45,-24,23,29,-249,-1,-54,-426,-129,-89,-625,0
8,-37,-17,-22,19,68,-225,26,15,-433,5,-63,-615,-5
8,-41,-21,-20,15,66,-236,24,11,-430,-9,-67,-615,-6
8,-40,-13,-21,16,59,-242,18,16,-431,-8,-68,-615,-7
8,-39,-3,-21,20,60,-232,11,18,-430,-10,-66,-615,-6
8,-40,-11,-21,18,61,-225,-1,8,-415,-32,-66,-615,-5
8,-37,-23,-23,20,60,-229,5,7,-421,-40,-67,-615,-5
8,-37,-17,-23,21,60,-229,25,16,-439,-28,-64,-615,-4
8,-30,-16,-26,16,66,-225,28,17,-435,-21,-62,-615,-4
8,-14,-24,-24,19,84,-227,24,22,-425,-16,-60,-615,0
9,-38,-22,-23,-20,56,-229,31,-4,-429,-134,-63,-614,-22
9,-10,-7,-24,-9,56,-229,32,14,-426,-130,-64,-613,-9
9,3,1,-22,4,79,-228,32,35,-428,-129,-65,-614,2
11,-8,-8,-23,16,91,-230,30,33,-432,-132,-64,-613,-4
11,-8,-21,-24,17,80,-229,28,21,-432,-129,-65,-614,-7
11,-1,-20,-18,14,81,-226,26,13,-430,-129,-64,-613,-2
11,-6,-16,-9,15,92,-234,25,12,-433,-132,-62,-614,0
10,-14,-18,-10,18,80,-240,23,12,-424,-125,-64,-614,0
8,-11,-18,-10,19,63,-231,21,6,-418,-121,-65,-613,-2
10,-12,-23,-11,13,62,-228,23,-3,-424,-129,-63,-614,-6
12,-28,-25,-18,10,62,-234,28,3,-421,-121,-65,-617,-5
9,-14,-27,-21,8,59,-226,0,-6,-433,-135,-64,-592,-8
11,-16,-27,-21,9,62,-226,4,-2,-432,-131,-65,-590,-8
11,-14,-27,-21,11,76,-226,7,13,-432,-100,-64,-590,-8
8,-12,-26,-21,8,73,-226,12,19,-428,-70,-64,-591,-8
8,-13,-23,-21,0,60,-226,18,4,-430,-76,-64,-593,-9
11,-13,-24,-21,-9,69,-226,13,-1,-427,-99,-64,-597,-9
11,-12,-25,-21,-10,88,-226,12,16,-423,-89,-64,-600,-7
8,-10,-22,-21,-8,91,-226,23,23,-430,-74,-65,-596,-6
10,-8,-22,-21,-13,90,-226,29,16,-437,-94,-64,-588,-7
13,-8,-25,-21,-15,94,-226,23,13,-426,-109,-63,-584,-9
3,-61,-24,-25,-45,14,-226,2,-44,-431,-224,-66,-602,-31
3,-51,-30,-24,-39,21,-226,0,-51,-424,-231,-65,-596,-33
0,-43,-25,-24,-37,24,-226,9,-47,-428,-204,-64,-586,-30
3,-44,-26,-25,-41,25,-226,22,-43,-430,-188,-67,-584,-27
10,-42,-42,-23,-42,30,-226,25,-41,-421,-194,-62,-586,-32
10,-38,-44,-19,-27,45,-226,13,-30,-419,-187,-61,-586,-28
8,-28,-30,-20,-12,60,-226,4,-10,-424,-167,-64,-586,-11
7,-71,-42,-21,-13,18,-226,-5,-36,-425,-213,-64,-594,-38
10,-78,-48,-21,-8,10,-226,-9,-42,-417,-204,-64,-602,-39
9,-69,-33,-21,-1,20,-226,4,-33,-422,-186,-64,-597,-29
8,-49,-24,-21,17,42,-226,27,-9,-434,-161,-64,-596,-8
10,-38,-27,-21,31,57,-226,30,1,-432,-144,-64,-599,2
9,-38,-26,-21,34,54,-226,20,-7,-420,-143,-64,-596,-2
10,-43,-26,-21,33,38,-226,15,-19,-421,-140,-64,-595,-5
9,-45,-30,-21,36,31,-226,17,-21,-433,-128,-64,-599,-5
8,-41,-30,-21,45,44,-226,20,-15,-432,-125,-64,-600,-4
10,-31,-22,-14,50,88,-226,-1,36,-432,-104,-63,-587,-1
4,-32,-22,-8,30,86,-226,3,29,-434,-121,-65,-590,-6
4,-37,-26,-19,17,73,-226,3,25,-431,-123,-68,-589,-8
6,-36,-25,-29,22,69,-226,-2,26,-430,-109,-67,-594,-6
5,-33,-21,-27,23,68,-226,-2,17,-432,-111,-63,-609,-9
5,-41,-23,-26,11,52,-226,0,0,-431,-135,-61,-607,-19
5,-46,-25,-28,7,45,-226,-1,-4,-427,-129,-63,-596,-17
5,-39,-22,-27,15,57,-226,-3,6,-427,-102,-63,-595,-5
5,-43,-21,-27,15,54,-226,-6,-3,-430,-106,-61,-597,-6
5,-58,-22,-27,10,34,-226,-6,-24,-436,-126,-60,-597,-17
2,-35,-20,-25,-13,33,-226,0,-3,-427,37,-67,-587,-35
3,-40,-20,-22,-15,46,-226,15,1,-416,40,-64,-591,-33
3,-42,-20,-22,-15,63,-226,17,23,-414,38,-64,-588,-23
5,-30,-18,-21,-3,60,-226,13,37,-428,12,-66,-585,-10
11,-11,-16,-22,19,61,-226,17,44,-437,13,-62,-587,-2
13,-10,-21,-22,14,70,-226,12,55,-427,50,-62,-589,-7
12,-17,-24,-15,6,85,-226,5,66,-413,74,-66,-587,-7
16,2,-22,-9,34,110,-226,18,91,-415,88,-67,-588,14
8,-14,-25,-7,16,63,-226,0,-19,-419,81,-65,-597,0
9,-11,-21,-12,21,84,-226,4,-9,-428,74,-63,-596,11
12,-5,-17,-13,41,99,-226,15,3,-424,80,-62,-596,24
12,-11,-20,-9,33,88,-226,24,-16,-421,76,-63,-597,12
9,-13,-24,-10,17,78,-226,25,-33,-422,55,-64,-596,-5
9,-11,-23,-9,20,71,-226,23,-29,-426,34,-64,-599,-1
12,-11,-20,-11,23,64,-226,20,-33,-434,34,-64,-602,2
11,-11,-21,-19,15,62,-226,8,-42,-427,50,-64,-593,-2
12,-14,-20,-22,24,45,-226,28,1,-423,121,-69,-584,0
12,-8,-23,-17,22,56,-226,27,19,-423,122,-65,-584,2
8,-12,-25,-11,22,62,-226,28,29,-423,119,-61,-585,3
10,-10,-24,-10,16,58,-226,24,30,-422,121,-68,-585,2
12,-4,-23,-11,16,47,-226,15,27,-422,123,-86,-584,3
12,-12,-26,-10,17,39,-226,17,25,-423,107,-95,-585,3
11,-28,-29,-15,3,35,-226,17,18,-432,80,-73,-587,3
10,-41,-27,-20,-9,30,-226,3,-1,-434,55,-69,-586,1
8,-32,-48,-13,19,30,-226,-1,-55,-427,25,-66,-590,-3
8,-31,-54,-13,19,31,-226,7,-58,-435,19,-62,-589,-2
8,-33,-56,-13,19,27,-226,23,-57,-421,44,-63,-585,1
8,-29,-55,-13,20,29,-226,27,-53,-415,58,-61,-586,4
8,-11,-54,-13,21,34,-226,22,-40,-430,61,-62,-589,2
8,-5,-41,-13,23,33,-226,25,-32,-423,77,-62,-588,-2
8,-28,-35,-13,17,20,-226,25,-46,-407,60,-61,-587,-3
8,-43,-40,-13,1,1,-226,21,-67,-416,8,-62,-586,-13
6,-39,-29,-10,-13,26,-226,23,-7,-411,-206,-85,-581,-19
4,-36,-24,-11,-11,35,-226,30,5,-415,-194,-86,-581,-10
6,-36,-24,-21,-3,39,-226,30,23,-413,-179,-86,-582,-8
4,-32,-28,-17,-11,37,-226,24,24,-416,-189,-87,-579,-12
5,-12,-25,-8,-16,49,-226,30,29,-429,-178,-88,-579,-7
5,-4,-23,-10,-2,63,-226,31,38,-426,-154,-75,-583,-3
5,-8,-29,-15,13,76,-226,29,49,-409,-148,-63,-583,-5
9,9,-32,-11,19,92,-226,30,66,-413,-124,-68,-581,-1
9,-12,-19,-11,50,35,-229,28,-37,-431,-127,-82,-584,3
10,-31,-29,-11,44,21,-229,15,-46,-425,-137,-94,-584,-1
12,-33,-32,-11,37,15,-229,1,-54,-433,-140,-85,-584,0
10,-14,-27,-11,41,30,-229,10,-46,-428,-128,-86,-584,14
10,-10,-25,-11,46,36,-229,13,-36,-420,-128,-92,-584,23
12,-17,-27,-11,45,27,-229,2,-41,-422,-139,-86,-584,20
12,-14,-27,-11,45,26,-229,9,-53,-420,-132,-86,-584,16
4,-14,-24,-11,47,33,-229,16,-61,-424,-116,-86,-584,20
-4,-33,-24,-11,51,6,-225,5,37,-418,-23,-68,-564,157
3,-30,-24,-10,45,6,-225,-1,36,-411,-22,-87,-567,190
13,-33,-22,-10,46,0,-225,1,31,-412,-28,-92,-566,207
7,-36,-23,-12,51,5,-225,-1,32,-415,-37,-86,-553,217
3,-24,-23,-11,54,25,-225,2,45,-413,-41,-87,-558,229
12,-6,-24,-9,67,40,-225,6,55,-413,-36,-87,-580,244
2,-36,-56,-13,70,7,-229,3,-8,-420,12,-65,-567,154
2,-35,-54,-13,75,14,-229,-4,1,-423,4,-67,-569,156
8,-33,-50,-12,73,33,-229,4,7,-436,19,-64,-561,159
-1,-35,-52,-13,73,31,-229,2,4,-433,30,-70,-555,153
-9,-35,-53,-13,78,20,-229,-3,1,-426,8,-90,-559,154
-1,-34,-53,-12,82,16,-229,0,3,-427,-30,-91,-560,158
8,-37,-56,-13,74,14,-229,-1,-1,-423,-52,-85,-564,148
9,-40,-28,-12,79,-31,-227,19,18,-423,0,-86,-560,105
9,-43,-37,-23,80,-31,-227,19,19,-422,0,-80,-562,114
9,-43,-33,-24,82,-31,-227,18,24,-421,6,-61,-565,116
12,-37,-29,-11,88,-25,-227,31,30,-420,17,-74,-567,115
14,-37,-45,-9,83,-21,-227,31,22,-416,10,-94,-570,102
10,-40,-51,-16,79,-19,-227,22,16,-417,2,-75,-569,89
9,-37,-34,-16,84,-16,-227,27,23,-418,13,-67,-565,93
13,-36,-24,-14,87,-21,-227,29,19,-416,14,-80,-569,99
14,-38,-28,-15,84,-26,-227,27,3,-418,-4,-71,-570,93
11,-72,-30,-9,-109,-38,-223,32,-90,-424,-204,-57,-554,21
9,-67,-26,-14,-109,-31,-229,27,-89,-436,-210,-64,-554,26
10,-66,-34,-11,-111,-27,-225,19,-86,-431,-208,-67,-554,20
12,-68,-45,-11,-127,-30,-224,17,-89,-418,-197,-62,-552,5
11,-58,-37,-12,-129,-23,-229,23,-86,-422,-199,-64,-552,7
11,-38,-21,-10,-112,-4,-228,27,-65,-423,-215,-67,-553,24
11,-43,-24,-11,-117,-7,-224,26,-61,-424,-218,-63,-552,17
11,-63,-32,-11,-139,-28,-226,23,-85,-429,-209,-62,-552,-2
-7,-33,-19,-9,-16,0,-229,31,-124,-430,-86,-66,-567,-2
-3,-32,-22,-9,-17,-4,-229,32,-124,-420,-93,-61,-564,0
5,-16,-24,-9,-14,6,-229,32,-118,-423,-78,-65,-565,2
5,-12,-21,-9,-12,25,-229,36,-119,-421,-71,-83,-565,-1
-5,-17,-20,-9,-14,31,-229,35,-119,-411,-75,-80,-566,-3
-2,-12,-22,-9,-13,31,-229,32,-115,-409,-71,-62,-563,-4
-1,-10,-22,-9,-6,32,-229,30,-113,-415,-79,-64,-558,-2
-9,7,-24,-9,-7,30,-229,32,-117,-411,-100,-72,-557,-1
10,82,-16,-7,-12,32,-219,31,-63,-412,-63,-67,-554,-3
11,68,-16,-7,-13,29,-228,30,-58,-419,-59,-61,-554,-10
8,52,-21,-7,-24,5,-230,30,-86,-419,-69,-69,-554,-34
10,54,-19,-7,-18,-6,-226,29,-95,-406,-72,-87,-554,-25
11,57,-18,-7,6,3,-227,30,-77,-417,-68,-78,-554,-4
5,56,-23,-7,18,19,-229,31,-68,-433,-69,-60,-555,-3
3,62,-26,-7,20,27,-223,34,-63,-427,-66,-61,-556,2
12,73,-25,-7,34,36,-216,31,-49,-421,-48,-64,-556,10
-9,33,-27,-9,42,90,-229,28,-6,-412,51,-64,-558,-19
-18,48,-23,-9,49,91,-229,32,2,-418,82,-61,-556,-8
-25,47,-20,-9,55,98,-229,32,5,-423,83,-67,-558,-4
-23,31,-20,-9,48,95,-228,23,-19,-423,39,-86,-559,-8
-26,26,-12,-9,41,91,-229,25,-31,-433,20,-94,-558,-11
-29,29,4,-9,46,94,-231,34,-14,-436,37,-86,-564,-10
-24,35,4,-9,52,91,-231,34,-4,-422,23,-89,-572,-6
-22,49,-12,-9,49,101,-229,30,-8,-420,3,-90,-570,-5
-19,56,-22,-9,58,123,-228,32,-3,-426,42,-71,-570,-3
12,-32,-12,-11,23,24,-215,4,-30,-418,-101,-65,-551,-23
12,-18,-14,-11,43,24,-216,17,-34,-415,-108,-63,-551,-11
9,-9,-16,-10,45,30,-218,26,-37,-420,-115,-67,-551,-20
6,-13,-8,-9,43,44,-222,23,-33,-427,-122,-69,-551,-21
7,-3,1,-9,54,62,-224,27,-22,-421,-100,-67,-550,-6
1,15,1,-9,62,76,-224,30,-12,-406,-71,-66,-551,-2
-11,20,1,-9,68,89,-223,30,-7,-413,-66,-66,-551,-10
-12,17,3,-9,70,95,-222,39,-8,-430,-63,-66,-550,-18
5,16,6,21,9,118,-231,52,10,-412,-179,-86,-549,-29
2,20,-11,18,17,117,-229,53,20,-428,-147,-88,-549,-22
7,27,-25,7,20,121,-231,51,40,-425,-108,-88,-548,-16
11,29,-5,-2,21,127,-233,52,47,-423,-92,-87,-549,-14
7,27,5,1,22,124,-228,54,36,-425,-94,-86,-549,-9
7,28,3,18,21,127,-234,44,36,-419,-69,-87,-549,-9
15,24,1,30,20,120,-268,29,38,-414,-50,-87,-549,-26
8,-5,-22,177,-22,62,-284,30,-15,-422,-85,-87,-552,-42
8,7,-15,179,-4,70,-287,29,-2,-427,-78,-87,-552,-33
9,16,-28,174,3,68,-286,26,-2,-421,-46,-87,-552,-29
9,14,-28,185,8,83,-280,26,-1,-422,-15,-87,-552,-25
10,22,-11,211,21,97,-276,30,7,-416,16,-87,-552,-19
9,22,-14,211,15,79,-274,32,-2,-410,45,-87,-552,-22
7,-4,-33,179,-7,57,-274,28,-27,-413,57,-86,-552,-33
-1,-5,-25,216,-11,69,-261,36,83,-419,-97,-93,-540,-38
-1,-4,-19,210,-11,59,-257,33,88,-435,-87,-96,-523,-35
2,16,-21,206,-3,75,-261,28,93,-429,-71,-93,-546,-35
2,26,-22,208,10,94,-262,50,104,-406,-77,-89,-558,-29
2,20,-20,208,17,90,-260,62,111,-406,-90,-89,-550,-26
2,10,-24,207,-4,70,-261,36,88,-415,-97,-92,-539,-33
3,6,-25,210,-19,68,-261,31,61,-409,-95,-92,-531,-37
4,19,-14,212,8,91,-261,59,60,-406,-77,-91,-534,-29
10,37,-22,264,51,132,-261,27,32,-412,-73,-94,-547,0
11,25,-20,260,52,122,-261,31,20,-408,-75,-92,-535,-2
10,28,-13,264,52,119,-261,30,16,-420,-62,-89,-539,-1
8,33,-12,267,49,125,-261,26,22,-430,-67,-90,-558,-2
9,30,-10,268,54,130,-261,28,22,-432,-88,-90,-548,0
9,27,-12,269,57,122,-261,28,12,-424,-92,-90,-526,1
10,25,-24,266,56,103,-261,25,1,-416,-87,-90,-532,1
5,-9,-51,299,45,58,-260,25,69,-426,-113,-92,-519,-5
0,-9,-31,304,45,62,-258,25,64,-419,-103,-92,-520,-8
1,-13,-20,320,44,61,-262,23,71,-418,-96,-92,-520,-4
1,-9,-21,313,44,58,-276,24,80,-420,-79,-92,-520,-2
4,-3,-19,309,47,65,-283,27,81,-419,-61,-92,-520,-4
3,-3,-14,327,45,70,-271,27,80,-417,-73,-92,-520,-6
1,-11,-20,323,38,56,-260,26,72,-429,-94,-92,-520,-7
5,-14,-30,309,42,49,-261,27,65,-429,-90,-92,-520,-7
9,-4,-23,361,43,53,-261,20,-26,-419,-136,-92,-522,2
12,-4,-26,363,42,63,-261,24,-31,-418,-127,-92,-522,5
12,-3,-28,366,46,64,-261,25,-39,-424,-102,-92,-521,26
11,1,-28,365,44,64,-261,29,-43,-427,-65,-92,-522,19
7,-1,-28,371,46,67,-261,32,-35,-422,-47,-92,-522,8
5,-2,-21,378,50,68,-261,31,-31,-420,-45,-92,-521,15
9,-2,-24,378,30,62,-261,30,-51,-428,-56,-92,-519,4
10,-7,-25,377,14,56,-261,29,-61,-425,-77,-92,-519,2
11,-1,-25,331,33,89,-261,31,92,-425,-91,-92,-524,28
11,16,-28,335,48,93,-261,37,108,-424,-73,-92,-524,30
11,20,-29,338,45,90,-261,32,115,-416,-48,-92,-525,28
11,17,-24,338,41,93,-261,30,103,-407,-40,-92,-526,26
11,21,-32,337,44,96,-261,31,96,-416,-30,-92,-525,26
11,16,-47,336,43,89,-261,25,91,-425,-10,-92,-525,25
11,10,-37,334,46,91,-261,28,85,-417,8,-92,-525,24
12,17,-21,270,44,108,-262,57,10,-429,102,-90,-527,52
11,23,-11,270,64,112,-262,61,20,-422,96,-90,-526,53
11,27,16,270,74,124,-262,64,27,-427,116,-90,-524,55
10,26,-7,270,54,107,-262,59,6,-424,66,-90,-525,45
9,21,-30,270,42,85,-262,50,-13,-407,7,-90,-525,28
9,17,-9,270,44,85,-262,54,-4,-410,12,-90,-524,28
11,22,-3,270,28,89,-262,61,-6,-418,24,-90,-527,33
11,21,-17,271,12,89,-262,51,-24,-411,26,-90,-528,26
12,1,-21,212,82,67,-262,34,88,-407,-10,-91,-519,53
13,-7,-23,215,58,60,-262,31,66,-408,-4,-92,-520,51
12,-8,-26,210,43,55,-262,42,54,-424,-15,-92,-521,33
14,-4,-22,207,57,59,-262,58,51,-426,-30,-91,-522,37
13,0,-21,208,62,61,-262,48,48,-422,-15,-90,-524,49
11,-6,-28,208,49,57,-262,41,49,-420,-4,-90,-525,35
12,-8,-12,208,48,58,-262,56,49,-415,-12,-90,-524,24
13,-3,8,207,53,61,-262,60,48,-412,-13,-90,-523,30
9,-4,5,143,20,74,-260,31,-52,-417,-89,-90,-524,1
8,-12,0,147,20,64,-259,28,-40,-416,-105,-90,-522,0
12,-12,10,149,20,80,-260,31,-33,-411,-116,-93,-521,-1
12,-8,-5,147,18,87,-259,31,-38,-416,-119,-92,-521,-4
9,-15,-24,146,18,59,-257,37,-40,-432,-124,-89,-521,-8
9,-16,-2,149,20,61,-254,54,-32,-430,-120,-90,-521,-5
11,-8,2,153,21,90,-257,61,-20,-411,-114,-90,-520,0
12,-7,-25,152,21,88,-260,51,-7,-414,-117,-90,-519,2
10,-9,-27,151,22,72,-259,47,4,-423,-120,-90,-520,4
13,-14,-34,114,21,58,-258,39,11,-414,-14,-90,-520,-1
13,-5,-24,112,22,64,-258,49,15,-410,5,-90,-520,0
14,-22,-28,112,18,61,-258,51,1,-419,-2,-90,-520,-6
13,-38,-25,113,11,50,-258,45,-7,-425,-9,-90,-520,-8
13,-35,-27,110,-4,35,-258,34,-13,-412,-21,-90,-519,-5
14,-35,-34,110,-14,26,-258,28,-24,-408,-40,-90,-520,-9
13,-39,-24,113,-10,25,-258,29,-28,-419,-35,-90,-520,-8
9,-37,-16,111,-10,19,-258,33,-27,-421,-20,-90,-519,-8
10,-20,-1,89,28,23,-260,45,23,-414,-84,-90,-519,-4
10,-10,8,95,44,47,-259,57,33,-411,-70,-90,-519,8
9,-16,7,111,37,51,-258,42,31,-416,-56,-90,-519,3
10,-31,-16,96,16,30,-257,25,18,-414,-59,-90,-519,-6
9,-23,-25,81,18,31,-258,32,17,-415,-86,-90,-519,-5
10,-9,-16,91,22,37,-258,46,21,-426,-107,-90,-519,-1
10,-15,-16,91,15,29,-257,42,22,-421,-105,-90,-519,-4
11,-18,-10,88,35,38,-259,43,31,-409,-94,-90,-519,2
13,-7,6,106,60,61,-260,56,49,-414,-91,-90,-519,20
8,-28,-26,81,49,35,-258,40,-30,-421,-140,-90,-520,4
8,-9,-19,82,64,61,-258,58,-11,-419,-105,-90,-520,20
8,0,-20,81,80,72,-258,56,-9,-411,-95,-90,-520,26
7,-10,-23,81,74,63,-258,49,-22,-411,-94,-90,-520,20
8,-28,-18,82,57,48,-258,53,-31,-422,-78,-90,-520,27
11,-37,-17,81,53,42,-258,45,-36,-425,-78,-90,-520,30
10,-35,-21,81,57,45,-258,27,-42,-419,-90,-90,-520,9
16,-35,-25,82,16,32,-261,29,-1,-428,-210,-90,-512,-6
15,-35,-28,74,21,36,-255,30,11,-418,-202,-90,-518,-8
14,-27,-27,66,20,39,-255,29,18,-406,-200,-90,-521,-3
13,-21,-23,69,18,42,-259,29,17,-414,-199,-90,-522,1
12,-33,-22,64,15,37,-252,30,6,-417,-206,-90,-513,-3
14,-43,-22,50,17,29,-247,29,-1,-413,-227,-90,-496,-6
12,-41,-21,57,21,27,-255,30,-2,-412,-233,-90,-492,-3
11,-41,-19,75,21,26,-260,30,-8,-412,-226,-90,-506,-4
11,-41,-24,52,12,44,-248,28,-17,-408,-198,-87,-496,-16
8,-34,-19,53,6,40,-250,28,-12,-412,-208,-87,-494,-26
10,-18,-2,52,1,54,-246,28,0,-422,-206,-87,-497,-25
17,-11,8,50,10,58,-243,25,3,-417,-191,-87,-498,-20
16,-10,4,48,19,61,-247,27,7,-409,-175,-87,-496,-13
13,-17,-11,48,16,51,-247,25,16,-414,-167,-87,-496,-6
18,-26,-20,50,13,29,-243,23,18,-416,-162,-87,-498,-6
19,-18,-19,44,26,42,-245,27,23,-411,-160,-86,-497,-5
15,-3,-19,41,41,71,-245,25,34,-417,-165,-87,-495,-3
15,-27,-18,35,13,26,-247,20,0,-414,-146,-89,-509,-4
14,-42,-26,41,9,16,-246,23,-3,-413,-156,-88,-516,-8
15,-29,-12,49,6,21,-246,30,-5,-414,-164,-89,-509,-6
15,-14,9,49,-2,33,-248,34,-9,-413,-159,-88,-497,0
14,-21,11,45,-12,32,-244,34,-23,-413,-155,-85,-494,-2
12,-22,3,49,-14,26,-240,30,-29,-412,-147,-86,-496,-9
13,-9,2,55,-11,42,-247,31,-15,-413,-131,-89,-497,-9
13,-8,5,55,-13,59,-245,35,-5,-416,-146,-89,-495,-7
15,-13,6,21,-11,62,-217,26,32,-412,-101,-91,-495,7
15,-10,10,22,-4,85,-217,28,39,-411,-90,-90,-495,21
14,-9,9,21,7,90,-217,32,43,-410,-90,-90,-495,23
20,-9,4,21,9,89,-217,32,49,-412,-88,-89,-497,18
24,-10,6,22,7,92,-217,31,49,-411,-85,-89,-499,18
16,-10,6,21,10,89,-217,34,46,-409,-88,-89,-495,26
14,-9,5,20,12,84,-217,35,48,-408,-86,-89,-493,20
11,16,-18,5,4,115,-228,40,96,-414,-107,-90,-493,6
15,19,4,-7,17,118,-229,41,100,-414,-96,-90,-491,24
12,2,5,-15,-1,94,-229,31,85,-414,-84,-90,-490,10
13,-12,-18,-12,-21,78,-229,25,74,-414,-95,-90,-491,-8
16,-5,-22,-9,-15,87,-229,32,79,-414,-107,-90,-490,1
17,0,-16,-14,-12,90,-229,33,82,-414,-103,-89,-490,10
13,-7,-20,-21,-14,84,-229,32,75,-415,-94,-90,-492,4
10,2,-23,-25,-8,94,-229,34,85,-414,-90,-90,-496,3
14,-8,8,5,17,75,-230,56,20,-415,-70,-89,-460,1
15,-7,7,5,15,69,-230,58,28,-413,-79,-90,-457,3
10,-14,3,5,11,58,-230,60,23,-412,-90,-90,-462,-1
9,-18,-2,5,16,59,-230,56,19,-417,-86,-90,-463,-1
16,-8,-2,4,23,70,-230,56,42,-421,-57,-90,-464,19
20,-4,-8,6,21,68,-230,62,62,-415,-42,-90,-482,26
17,-11,-25,11,15,54,-230,59,46,-412,-74,-90,-490,7
14,-15,-20,13,11,52,-230,50,31,-414,-111,-90,-489,-3
18,-7,-14,22,-1,68,-218,30,34,-411,-85,-85,-490,2
16,-11,-18,20,8,66,-219,32,33,-411,-82,-86,-490,1
18,-10,-17,19,8,62,-220,53,25,-412,-73,-86,-489,4
19,-5,-19,22,12,67,-215,59,24,-411,-80,-85,-490,7
15,-9,-18,21,9,66,-212,33,24,-410,-99,-85,-492,1
15,-14,-12,17,-4,63,-213,27,18,-412,-96,-85,-489,-1
17,-15,-16,18,-7,61,-215,51,4,-414,-95,-86,-488,0
15,-17,-14,21,6,55,-216,62,-2,-414,-113,-85,-493,-2
31,1,3,23,19,88,-212,36,32,-411,-93,-88,-460,11
26,0,2,23,39,91,-197,27,36,-408,-88,-91,-464,19
27,-1,9,23,54,94,-204,30,37,-413,-78,-90,-464,26
32,-5,7,23,51,93,-218,35,34,-415,-77,-88,-462,23
29,-4,1,23,37,92,-216,49,39,-409,-74,-88,-464,15
18,-3,3,23,22,91,-212,63,49,-410,-74,-88,-466,9
17,-5,10,23,17,90,-213,64,48,-413,-80,-88,-465,2
29,5,13,23,20,92,-213,59,53,-410,-63,-88,-465,-5
33,19,13,23,17,93,-211,64,67,-408,-44,-88,-466,1
34,6,1,34,46,75,-208,60,54,-412,2,-68,-476,31
29,-6,4,48,31,61,-209,63,44,-409,-20,-85,-479,24
28,-6,6,52,23,63,-197,61,32,-408,-32,-88,-473,21
29,-4,5,45,25,61,-198,61,23,-409,-37,-82,-480,20
33,-12,5,46,23,58,-215,59,19,-409,-44,-90,-477,20
35,-14,9,50,33,60,-208,55,22,-410,-42,-90,-463,23
32,-4,12,49,52,62,-199,59,33,-410,-40,-78,-477,27
33,-2,10,48,52,74,-213,64,36,-406,-40,-78,-498,28
24,-2,10,47,23,76,-220,59,70,-411,-49,-86,-465,24
32,4,11,47,42,89,-218,59,77,-410,-64,-86,-465,28
24,20,11,47,46,88,-218,57,88,-411,-80,-86,-465,44
21,21,12,47,43,94,-218,55,105,-412,-50,-86,-465,46
25,21,13,47,48,103,-218,57,113,-411,-9,-86,-465,33
23,28,12,46,54,98,-223,64,111,-410,-2,-86,-465,30
24,22,10,48,47,89,-225,65,104,-412,-3,-86,-465,32
29,15,8,48,34,89,-221,63,99,-414,7,-86,-465,27
36,-4,-25,47,17,32,-199,53,29,-409,-61,-90,-465,31
36,-6,-18,50,9,27,-200,53,28,-415,-78,-86,-465,31
36,-15,-6,48,-9,4,-202,54,13,-416,-97,-86,-462,25
41,-22,2,48,-20,-12,-202,57,-1,-415,-105,-89,-462,22
